0,0,0,0,334,I'm on the bus ????????????
0,0,0,0,334,When is the Chanukah party
0,0,0,0,334,???? ?????
0,0,0,0,334,Ok
0,0,0,0,334,I'm at school ??????????
0,0,0,0,334,Love you
0,0,0,0,334,I'm on the bus ????????????
0,0,0,0,334,I'm at school ??????????
0,0,0,0,334,Love you!!
0,0,0,0,334,I'm at school ??????????
0,0,0,0,334,Love you
0,0,0,0,334,I'm on the bus ????????????
0,0,0,0,334,I'm at school
0,0,0,0,334,Love you
0,0,0,0,333,Yay Marc!!!!!
0,0,0,0,333,That's my nephew!
0,0,0,0,344,TODAY
0,0,0,0,344,Hey ben
0,0,0,0,344,Hey Tom
0,0,0,0,345,Fhn
0,0,0,0,358,Hey Ben
0,0,0,0,358,Hey
0,0,0,0,358,Hey
0,0,0,0,359,Hey
0,0,0,0,359,Nice
0,0,0,0,391,WTF
0,0,0,0,424,When u get home early u bake or chill. Never hike!!!!
0,0,0,0,424,Marc is awesome
0,0,0,0,424,Dessert looks gorgeous
0,0,0,0,1062,22-Jul-16
0,0,0,0,1062,??? ???
0,0,0,0,1062,Thanks
0,0,0,0,1062,"I got to the third city and there is a sniper rifle for like 78,000"
0,0,0,0,1062,And we where let out early??
0,0,0,0,1062,I'm coming
0,0,0,0,1062,Gruahko also
0,0,0,0,1062,How many are we
0,0,0,0,1062,?
0,0,0,0,1062,22-Jul-16
0,0,0,0,1062,??? ???
0,0,0,0,1062,Thanks
0,0,0,0,1062,"I got to the third city and there is a sniper rifle for like 78,000"
0,0,0,0,1062,And we where let out early??
0,0,0,0,1062,I'm coming
0,0,0,0,1062,Gruahko also
0,0,0,0,1062,How many are we
0,0,0,0,1062,?
0,0,0,0,1278,23-Dec-16
0,0,0,0,1278,Hey ben
0,0,0,0,1278,Hey Tom
0,0,0,0,1278,Hey
0,0,0,0,1278,Nice
0,0,0,0,1278,Hola
0,1,2,3,1278,Fuck
0,0,1,2,1278,Shit
0,0,0,0,1278,Hello
0,0,0,0,1278,Whats up
0,0,0,0,1278,Whats up
0,0,0,0,1278,You are a dush
0,0,0,0,1278,I hate u.
0,0,0,0,1328,I'm on the bus ????????????
0,0,0,0,1328,I'm at school ??????????
0,0,0,0,1328,Love you!!
0,0,0,0,1329,????
0,0,0,0,1435,Where's Waldo
0,0,0,0,1435,That would be Julia
0,0,0,0,1944,You should download R2D2 sounds into him and make him play it every ~5 seconds
0,0,0,0,1944,Yes
0,0,0,0,1944,Or play it when you push the button or when you show it a different color or when it detects the beacon
0,0,0,0,1944,What's the beacon
0,0,0,0,1944,??
0,0,0,0,1944,Infrared beacon
0,0,0,0,1944,The remote
0,0,0,0,1944,O
0,0,0,0,1944,If you press the biggest button at the top of the remote then it turns into a beacon
0,0,0,0,1944,I'll watch the movie again and let you know how often he makes his sounds
0,0,0,0,1944,I think it's every ~5-10 seconds
0,0,0,0,1944,It's just the demo program I was to lazy in that moment to write a program and upload it
0,0,0,0,1944,K
0,0,0,0,1944,Start convincing your parents that you should be able to bring the computer next week
0,0,0,0,1944,Already started
0,0,0,0,1944,And how is it going?
0,0,0,0,1944,I can bring it next week!????????
0,0,0,0,1944,Yay
0,0,0,0,1944,Yea
0,0,0,0,1945,Yea
0,0,0,0,1946,Ok
0,0,0,0,1946,So I hope you will have the program ready by computers class
0,0,0,0,1946,Gn
0,0,0,0,1947,9-Oct-16
0,0,0,0,1947,?? ?? ?? ????? ?? ??? ????
0,0,0,0,1948,Amit I realized my shot looks really cool in slo-mo ??????
0,0,0,0,1949,7-Jul-16
0,0,0,0,1949,21-Jul-16
0,0,0,0,1949,Thank you
0,0,0,0,1950,11-Sep-16
0,0,0,0,1956,Should we get u some borekas for lunch?
0,0,0,0,1956,No
0,0,0,0,1956,Is this dark ones?
0,0,0,0,1956,Perfect
0,0,0,0,2393,Could we maybe do it at 3
0,0,0,0,2393,It's the best time for me today
0,0,0,0,2393,K??
0,0,0,0,2393,Let me know
0,0,0,0,2393,If not then let's do it tomorrow at like 1
0,0,0,0,2394,Fast!!!!
0,0,0,0,2394,If yes wana get pizza and French fries for lunch there?
0,0,0,0,2394,Be sure
0,0,0,0,2394,Let me know!!!!
0,0,0,0,2394,Vehemently
0,0,0,0,2394,Oops
0,0,0,0,2394,Come on!!!!!!
0,0,0,0,2394,Where are you
0,0,0,0,2394,????
0,0,0,0,2394,Answer
0,0,0,0,2394,!!!!!!!
0,0,0,0,2394,Shalom!!!!!!!!!
0,0,0,0,2394,Answer!!!!!!!!!!!!!
0,0,0,0,2394,When later?
0,0,0,0,2394,Idk tganks
0,0,0,0,2394,Could we maybe do it at 3
0,0,0,0,2394,It's the best time for me today
0,0,0,0,2394,K??
0,0,0,0,2394,Let me know
0,0,0,0,2394,If not then let's do it tomorrow at like 1
0,0,0,0,2394,But Wake up on time tomorrow
0,0,0,0,2575,Fat asshole
0,0,0,0,3643,In the building
0,0,0,0,3643,K
0,0,0,0,3644,So cute!!
0,0,0,0,3644,Where was that pic taken? I don't recognize
0,0,0,0,3644,But it's not in kbm
0,0,0,0,3644,The first thing Eli said was. Wow ur tall!
0,0,0,0,3644,Where was that pic taken? I don't recognize
0,0,0,0,1689,Daniellr how is zalmy doing????
0,0,0,0,1690,Sorry sent that already
0,0,0,0,1690,IKEA much funnier
0,0,0,0,1954,"Laffy taffys, Mike and Ikes, basically the whole place, adins hair, yossis beard, Dovis angry face Everybody's sunburnt skin, all star shirts and Dodgeball marks, REDemption owns this camp and you can't do a thing Red teams got the fire we are always burning can't stop red from earning points, red teams got the fire all we do is cream, ??? ????? ??????. Color war was great this year, all we really did was cheer, we love Dovi, we love yossi, we really just love camp Chorus"
0,0,0,0,1965,My Brother and I made this really amazing world and it is on this medium sized island there are docks down at the Sea and then they're sliding doors which revealed a stairway to go up to another set of sliding doors which open up to the main part of the castle. It also has a TNT cannon and a 6 x 6 tower but it is not even close to being finished
0,0,0,0,1965,I brought the disc on key with the worlds
0,0,0,0,1965,Nice
0,0,0,0,1964,9-Aug-16
0,0,0,0,1964,"Yo, sup black salt"
0,0,0,0,1964,Yo sup how are you :p
0,0,0,0,1964,I'm good
0,0,0,0,1964,Happy to hear that
0,0,0,0,1964,How was the fast for you?
0,0,0,0,1964,Yea
0,0,0,0,1964,Fine
0,0,0,0,1964,How was yours?
0,0,0,0,1964,Gtg bye
0,0,0,0,1964,"Yo, I just woke up????"
0,0,0,0,2541,Can Gavri come over
0,0,0,0,2541,Sure
0,0,0,0,2541,We want to work on something for school
0,0,0,0,2541,Make sure you let me know if you end up going somewhere
0,0,0,0,2541,Let me know when you get to shalom
0,0,0,0,2541,And you need to make sure you daven no chance
0,0,0,0,2541,Mincha
0,0,0,0,2541,Did you bentch?
0,0,0,0,2542,One sms
0,1,2,3,2542,Two sms fuck
0,0,0,0,2542,Response
0,0,0,0,3646,Where was that pic taken? I don't recognize
0,0,0,0,3646,But it's not in kbm
0,0,0,0,3646,The first thing Eli said was. Wow ur tall!
0,0,0,0,3646,We need to figure out where we're picking u up from
0,0,0,0,3666,Still playing x box
0,0,0,0,3666,Now I smoke all day
0,0,0,0,3666,But you are whatsapping marc
0,0,0,0,3666,I'm with him
0,0,0,0,3666,K
0,0,0,0,3666,Cool
0,0,0,0,3666,You smoking??
0,0,0,0,3666,????
0,0,0,0,3666,??
0,0,0,0,3666,?? ??????
0,0,0,0,3666,Lol
0,0,0,0,3666,????
0,0,0,0,3667,???? ????!!!????????
0,0,0,0,3669,27-Dec-16
0,0,0,0,3719,Yes
0,0,0,0,3719,It is so nice
0,0,0,0,3719,Do you want to have a sleep over?
0,0,0,0,3719,I know
0,0,0,0,3719,Yes
0,0,0,0,3726,Hi good night ????
0,0,0,0,3726,Tova love's you
0,0,0,0,3731,Btw shalom thanks for getting us/me to watch this
0,0,0,0,3731,We wont
0,0,0,0,3731,No one knows but if you don't stop we will
0,0,0,0,3731,U will really tell?
0,0,0,0,3731,?
0,0,0,0,3731,No
0,0,0,0,3731,No
0,0,0,0,3731,I told you you
0,0,0,0,3732,Cool
0,0,0,0,3732,You need to be in season 4 to know what we are talking about
0,0,0,0,3732,But ok
0,0,0,0,3732,Btw shalom thanks for getting us/me to watch this
0,0,0,0,3732,We wont
0,0,0,0,3732,No one knows but if you don't stop we will
0,0,0,0,3763,Could you pls order a ????? sandwich instead
0,0,0,0,3763,K.I'll go soon
0,0,0,0,3763,I accidentally ordered u ??????
0,0,0,0,3763,Sorry
0,0,0,0,3763,My phone stopped and I forgot you canged??
0,0,0,0,3763,Changed
0,0,0,0,3763,It's fine
0,0,0,0,3763,U back yet?!
0,0,0,0,3776,No
0,0,0,0,3776,What's up??
0,0,0,0,3776,"Good, why?"
0,0,0,0,3776,You still at the party??
0,0,0,0,3776,Just asked....
0,0,0,0,3776,Nope. Home for over an bout
0,0,0,0,3776,Hour
0,0,0,0,3776,Then why you up
0,0,0,0,3776,??
0,0,0,0,3776,Cause...
0,0,0,0,3776,When u guys coming back?
0,0,0,0,3776,Soon just benched
0,0,0,0,3811,I decided to do my project about a lovely because a few years ago I was there with my family on my birthday
0,0,0,0,3852,Are you up
0,0,0,0,3852,good nite!
0,0,0,0,3852,Love you
0,0,0,0,3852,You too
0,0,0,0,3852,I'm not going to foll a sleep because I drink ice coffee
0,0,0,0,3907,Lol
0,0,0,0,3907,If you are send pic
0,0,0,0,3907,If I do
0,0,0,0,3907,I won't I'll delete it after I get it
0,0,0,0,3907,It's just me and marc
0,0,0,0,3907,Yea
0,0,0,0,3907,Come on
0,0,0,0,3907,I can't abt to go out to dinner
0,0,0,0,3907,So face time me
0,0,0,0,3907,I don't know how
0,0,0,0,3907,Got a Android
0,0,0,0,3907,(Not saying I smoke ya?)
0,0,0,0,3907,Once
0,0,0,0,3907,Would u want to?
0,0,0,0,3907,On porim 3 years ago don't want again
0,0,0,0,3907,Don't know what it was
0,0,0,0,3907,?
0,0,0,0,3907,Sigaret
0,0,0,0,3907,Don't voice massige
0,0,0,0,3907,No
0,0,0,0,3907,Dies seem nice
0,0,0,0,3907,Doesn't
0,0,0,0,3907,Marc wants to
0,0,0,0,3907,K
0,0,0,0,3907,So I do
0,0,0,0,3907,Smoke a hooka
0,0,0,0,3907,Hookah
0,0,0,0,3907,He is FaceTimeing someone else
0,0,0,0,3907,Done
0,0,0,0,3907,Tell him
0,0,0,0,3907,?
0,0,0,0,3907,Dope
0,0,0,0,3907,Nice
0,0,0,0,3907,Don't tell no one cool?
0,0,0,0,3907,Yea
0,0,0,0,3907,Damn u
0,0,0,0,3907,Not happening
0,0,0,0,3907,We want to live
0,0,0,0,3907,It's not cool to dis
0,0,0,0,3907,Die
0,0,0,0,3907,And we got something that isn't bad for u
0,0,0,0,3907,I don't care
0,0,0,0,3907,Still not doing it
0,0,0,0,3907,Don't ask me again to smoke
0,0,0,0,3907,What about mark
0,0,0,0,3907,Btw u won't tell no one rite cuz ur the only one who knows about it(pulis my friend who's does it with me
0,0,0,0,3907,That was Marc texting
0,0,0,0,3907,I don't want eather
0,0,0,0,3907,I want to live too
0,0,0,0,3907,Lol
0,0,0,0,3907,U know what mickatin is?
0,0,0,0,3907,No
0,0,0,0,3907,Why am I stupid for wanting to live
0,0,0,0,3907,You're not gonna tell anybody right
0,0,0,0,3907,I wont
0,0,0,0,3907,U guys said u want no?
0,0,0,0,3907,We were joking
0,0,0,0,3907,Bye gtg
0,0,0,0,3907,?
0,0,0,0,3907,?
0,0,0,0,3907,?
0,0,0,0,3907,?
0,0,0,0,3907,?
0,0,0,0,3907,?
0,0,0,0,3907,!
0,0,0,0,3907,?
0,0,0,0,3907,?
0,0,0,0,3907,?
0,0,0,0,3907,v
0,0,0,0,3907,b
0,0,0,0,3907,?
0,0,0,0,3907,?
0,0,0,0,3907,?
0,0,0,0,3907,?
0,0,0,0,3907,!
0,0,0,0,3907,!
0,0,0,0,3907,!
0,0,0,0,3907,!
0,0,0,0,3907,!
0,0,0,0,3907,!
0,0,0,0,3907,!
0,0,0,0,3907,!
0,0,0,0,3907,!
0,0,0,0,3907,!
0,0,0,0,3907,!
0,0,0,0,3907,I meet to eat
0,0,0,0,3907,Need
0,0,0,0,3907,Yea
0,0,0,0,3908,???
0,0,0,0,3908,????? ?????????????
0,0,0,0,3908,???????????????????
0,0,0,0,3908,????????????????????????????????????????????????????????????????????????????????????????????????????????????????????????????????????????????????????????????????????????????????????????????????????????????????????
0,0,0,0,3909,Be home soon
0,0,0,0,3909,??
0,0,0,0,3909,What's doing??
0,0,0,0,3909,??
0,0,0,0,3910,To talk)
0,0,0,0,3913,We love this goat!!!
0,0,0,0,3913,Isn't that boy a chayal
0,0,0,0,3914,??
0,0,0,0,3914,?????? ?????? ?? ?? ???? ??????? ???
0,0,0,0,3915,This is Josh robinson's cousin and I think he also looks like the goat!!!
0,0,0,0,3915,And I told him and jo said I shouldn't say things like that to people
0,0,0,0,3915,U think it's so bad to tell him he looks like a goat??? Joseph does too
0,0,0,0,3916,And I told him and jo said I shouldn't say things like that to people
0,0,0,0,3916,U think it's so bad to tell him he looks like a goat??? Joseph does too
0,0,0,0,3916,We love this goat!!!
0,0,0,0,3916,Isn't that boy a chayal
0,0,0,0,3916,Anyone agree??
0,0,0,0,3916,But I'm not sure he appreciates being told he looks like a goat
0,0,0,0,3918,And I told him and jo said I shouldn't say things like that to people
0,0,0,0,3918,U think it's so bad to tell him he looks like a goat??? Joseph does too
0,0,0,0,3918,We love this goat!!!
0,0,0,0,3918,Isn't that boy a chayal
0,0,0,0,3918,Anyone agree??
0,0,0,0,3918,But I'm not sure he appreciates being told he looks like a goat
0,0,0,0,3919,????? ??????
0,0,0,0,3919,
0,0,0,0,3920,This is Josh robinson's cousin and I think he also looks like the goat!!!
0,0,0,0,3920,And I told him and jo said I shouldn't say things like that to people
0,0,0,0,3920,U think it's so bad to tell him he looks like a goat??? Joseph does too
0,0,0,0,3926,Where are you??
0,0,0,0,3926,On a school trip
0,0,0,0,3926,Mani
0,0,0,0,3926,Any quick minyanim at 8?
0,0,0,0,3926,Eliahu mani?
0,0,0,0,3926,Yea
0,0,0,0,3926,Kk
0,0,0,0,3926,Can we go to it
0,0,0,0,3926,I'm in shul
0,0,0,0,3926,Oh
0,0,0,0,3926,Which minyan
0,0,0,0,3926,Nvr mind
0,0,0,0,3926,Cuz it doesn't matter
0,0,0,0,3926,Didn't know when you would wake up so my dad told me to just go
0,0,0,0,3926,Cuz I only know 1 shul here and thats the one we always went to
0,0,0,0,3926,L
0,0,0,0,3926,The fast one at 8 is on the factory
0,0,0,0,3926,K
0,0,0,0,3926,Grg
0,0,0,0,3926,The factory across from chabbaw
0,0,0,0,3926,????
0,0,0,0,3926,The one we went to in the summer
0,0,0,0,3926,For shacharis
0,0,0,0,3926,Like the one we went to almost every day
0,0,0,0,3926,Yes
0,0,0,0,3926,Ok
0,0,0,0,3928,Good morning
0,0,0,0,3938,How was flight?
0,0,0,0,3938,Since you have all Lucas bags
0,0,0,0,3938,No wheels
0,0,0,0,3938,Eli can shlep
0,0,0,0,3938,"Probably doesn't pay to bring rolling cart, but he can if he wants to"
0,0,0,0,3938,"Best to take bags into Maalon, then elevator, then drag into apartment"
0,0,0,0,3938,K.thanx
0,0,0,0,3938,Love ya
0,0,0,0,3938,U2
0,0,0,0,3938,Make sure your eyelashes and all makeup are off before I see you next
0,0,0,0,3938,Please!!!
0,0,0,0,3938,K.us too . getting bags
0,0,0,0,3938,Hi
0,0,0,0,3939,8-Jul-16
0,0,0,0,3939,Call me!!!!
0,0,0,0,3939,Make sure your volume is on because I tried to call you before and you didn't answer
0,0,0,0,3939,K
0,0,0,0,3939,What did you want?
0,0,0,0,3939,What ever
0,0,0,0,3939,Mommy wants to know when do you think you'll de done?
0,0,0,0,3939,Please answer
0,0,0,0,3939,Whatever
0,0,0,0,3939,Ok
0,0,0,0,3941,11-Nov-16
0,0,0,0,3943,How r u
0,0,0,0,3943,Good how are you
0,0,0,0,3943,I love you
0,0,0,0,3943,You too
0,0,0,0,3943,I know
0,1,2,3,4047,Fuck you
0,0,0,0,4048,Hey Ben
0,0,0,0,4048,Hey
0,0,0,0,4048,Hey
0,0,0,0,4048,You ass. The biggest loser ever
0,1,2,3,4048,Fuck you
0,0,1,2,4048,Loser
0,1,2,3,4048,Fuck you
0,0,1,2,4048,Loser
0,1,2,3,4048,Fuck you
0,1,2,3,4048,Fuck you
0,1,2,3,4052,You ass. The biggest loser ever
0,1,2,3,4052,Fuck you
0,0,1,2,4052,Loser
0,1,2,3,4052,Fuck you
0,1,2,3,4052,Fuck you
0,0,0,0,4052,Hey
1,1,2,3,4052,Bitch!!
0,0,0,0,4052,????
0,1,2,3,4052,Fuck
0,0,0,0,4052,Hey
0,1,2,3,4052,Fuck u
0,0,0,0,4172,All I can say is not cool leaving me with all of this so late....
0,0,0,0,4172,It's 7:54 and I am no where ready to leave yet
0,0,0,0,4875,Or most importantly the breakfast
0,0,0,0,4876,Hi
0,0,0,0,4875,Idk when
0,0,0,0,4875,Can't
0,0,0,0,4875,We already have planz
0,0,0,0,4876,I'm watching on ur computer
0,0,0,0,4876,On guest
3,2,1,0,4877,U down for it
0,0,0,0,4877,I have to know??!
0,0,0,0,4877,Or most importantly the breakfast
0,0,0,0,4877,??
0,0,0,0,4877,????????????????
0,0,0,0,4877,Idk when
0,0,0,0,4877,We already have planz
0,0,0,0,4877,Can't
0,0,0,0,4877,????
0,0,0,0,5564,Baruch Hashem!!! Have fun. I made it home. Barely
0,0,0,0,5564,Text me 10 minutes before you're home
0,0,0,0,5564,How's Dina
0,0,0,0,5564,She's sleeping
0,0,0,0,5564,Amazing!!! Tysm. Pls make sure apartment door is closed
0,0,0,0,5564,K
0,0,0,0,5565,We're with ?????
0,0,0,0,5565,Baruch Hashem!!! Have fun. I made it home. Barely
0,0,0,0,5565,Text me 10 minutes before you're home
0,0,0,0,5565,How's Dina
0,0,0,0,5565,She's sleeping
0,0,0,0,5565,Amazing!!! Tysm. Pls make sure apartment door is closed
0,0,0,0,5708,Call me
0,0,0,0,5708,Come straight to joseph
0,0,0,0,5708,K
0,0,0,0,5708,At mariv
0,0,0,0,5708,Just finished 18
0,0,0,0,5917,All I can say is not cool leaving me with all of this so late....
0,0,0,0,5917,It's 7:54 and I am no where ready to leave yet
0,0,0,0,5939,Come into my apartment
0,0,0,0,5939,We r discussing tom
0,0,0,0,5939,Did u go to Masada ever
0,0,0,0,5939,Cuz if not or if u want to go than maybe we can
0,0,0,0,5939,Ur dad said that he might make u go to school for the morning and then he will pick u up
0,0,0,0,5940,???
0,0,0,0,5940,??
0,0,0,0,5941,After or before the movie?
0,0,0,0,6012,So cute they gotta teach me that wing dance
0,0,0,0,6068,Cuz if not or if u want to go than maybe we can
0,0,0,0,6068,Ur dad said that he might make u go to school for the morning and then he will pick u up
0,0,0,0,6068,Tzer
0,0,0,0,6068,Are you up??
0,0,0,0,6068,Wake up
0,0,0,0,1,"I hate/love that song. its one of the few things that can make me jealous of a cartoon character,"
0,0,0,0,1,but what it represents is so pure and sweet and kind and so incredibly rare that I can't help but weep with longing and smile with joy at the same time.
0,0,0,0,1,"I feel you. When Stoick died, I couldn't even stop the shock because Dreamworks killed him after about 20 minutes from their reunion. I mean, where b is the justice in that?"
0,0,0,0,1,Eurielle It's not even the context of the movie that does it for me. I crave the relationship the song describes.
0,0,0,0,1,"I desire it desperately. I want it more than money, fame, property, or virtually anything else of this earth."
0,0,0,0,1,"thus, my envy of those who have it, Stoick and Vilka included. But the reason I want it so much is that it is rare, precious, beautiful thing, so I can't help but smile when I ""see"" it, metaphorically speaking, in the song. therefore I weep with desperate longing for what this song is about while at the same time smiling with joy that I can at least see something so beautiful, even if it is beyond my grasp."
0,0,0,0,1,"I hate the song for the jealousy and, likely forever, unfulfilled longing it stirs up in my heart, but I love it for its purity and sweetness."
0,0,0,0,2,"Peter, you are such a glimmer of hope. This song goes straight to my heart. I've been battling severe chronic depression for the last 17 years."
0,0,0,0,2,That you recognized it's a bigger problem than most people will ever admit is wonderful.. Thank you.
0,0,0,0,2,"Even more, you told the world that you've fought it yourself."
0,0,0,0,2,"That is just amazing. Your music usually lifts me up, makes me smile, and even on occasion encourages me to sing."
0,0,0,0,2,I went to UO music school also.
0,0,0,0,2,"Long story...Anyway, I'm grateful for your music,"
0,0,0,0,2,"your God given talent, and your willingness to let strangers into your life. That includes Evynne and Ashland too."
0,0,0,0,2,This song is the only thing that made me feel happy when I was 10 and I got left out of everything I was bullied even by my teacher it kept me out of subside thanks and I'm now 11 thanks again
0,0,0,0,2,"I also am going through depression (3rd year now...yaay!), and also a ton of self-hatred."
0,0,0,0,2,"Only recently have I begun to even slightly believe that I am a good person at the core, and it's really hard. Peter, I must say: THANKYOUTHANKYOUTHANKYOUSOOOOOMUCH!!!! this is exactly what I needed today! Love ya!"
0,0,0,0,3,"I was working at Barnes & Noble helping a customer and suddenly I stopped and said, ""Is that... uhm... from the Hobbit?"""
0,0,0,0,3,The customer thought I was nuts but a little Google searching confirmed that your new CD is on in-store play at Barnes & Nobles across the country!
0,0,0,0,3,"Now I can't wait for your CD to come on! You're on our ""Discover Great New Music"" list! Also, hate to mention it but since you mention Amazon and iTunes, I thought I'd drop a quick plug for your album as available from BN and BN.com! Check it out!"
0,0,0,0,3,Had this soundtrack in tape cassette form back when I was just a little girl.
0,0,0,0,3,Couldn't even tell you how many times I flipped it over and listened to one side after the other.
0,0,0,0,3,Knew all the songs by heart. My blanket was too small and the window of my room in the trailer was broken.
0,0,0,0,3,"The nights were always so cold, lonely and bitter, but as long as I could lie there next to my big clunky radio and hear that music, everything was right and wonderful and the rest of the world, with all its cruelty and pain, disappeared."
0,0,0,0,3,Now I hear the same music on my laptop and phone and it touches my soul just as much.
0,0,0,0,3,Thank you so much for doing this medley. It brought tears to my eyes.
0,0,0,0,3,Such a beautiful reminder for me of how music can help us survive and there really can be miracles if you believe you can get through the night and make it through to the other side.
0,0,0,0,4,This version of the song is amazing. and i hadn't even heard of it until just a couple days ago.
0,0,0,0,4,have this song played at my funeral when i die. to say that this version is soulless is a pretty dumb statement.
0,0,0,0,4,obviously you don't have a soul if you can't enjoy the beauty of this man's fantastic version of an old song.
0,0,0,0,4,"I think Peter interpreted the song in it's more joyous form rather than the bittersweet lament that most recognise the song as, which is fine, that's the beauty of old folks song's, everyone is entitled to take away their own meaning from a song like this."
0,0,0,0,4,The lyrics for The Parting Glass are extremely vague after-all.
0,0,0,0,4,"Personally I'm not too keen on this version as I don't really relate to the more joyous uptempo side of the song. Much rather the covers by Glen Hansard, Ronnie Drew, Shane McGowan and of course Liam Clancy."
0,0,0,0,5,An opinion cannot be incorrect. An opinion is just that; an opinion.
0,0,0,0,5,"( in my opinion ) Aside from that, the tune was written as a somber expression of mourning and with that, yes...this version fails to capture that although the harmonies were textbook."
0,0,0,0,5,a performing musician / vocalist
0,0,0,0,5,"Sabr, you watched the ORIGNAL!?!? Wow,"
0,0,0,0,5,"it must be amazing to have been alive since the 18th century. ?? But seriously, your point is well taken."
0,0,0,0,5,One of the reasons this song is still being sung is that it is just a flat-out great song.
0,0,0,0,5,The countless interpretations over the years have only aided that perception.
0,0,0,0,5,"On the other hand, imagine how ticked off the fans of a singer get when the artist they love can't record a single folk song without somebody having to come along and tell them how so-and-so's version is sooooo much better."
0,0,0,0,5,To each his/her own.
0,1,2,3,6,"Aside from how ridiculous Miley was, who the fuck was that blonde moron who introduced her? That was even more uncomfortable than the actual performance."
0,1,2,3,6,"Miley made a total ass of herself , there is nothing sexy about this sad little girl. Miley cyrus is god, fuck haters they&rsquo;re just jealous of her lol ."
1,1,2,3,6,"Miley's singing is so bad, the devil inside her was like ""SCREW THIS SHIT I&rsquo;M OUT!"" Seriously this gave me life! Rihanna shows her nipples and it's okay but Miley does this and it's not? Y'all need fucking help."
3,3,3,3,7,And why does she keep grabbing her crotch?
0,0,2,3,7,"She was so cute when she had long brown hair, now she looks like a hooker."
0,0,0,0,7,Very unoriginal and trashy and desperate. And please please explain to me what's up with her sticking out her snail tongue!?
3,3,3,3,7,And why is she trying to have sex with robin thicke on stage!?
0,1,2,3,7,What The hell Miley did u fall on your head cause hun u acting like a hoe .
2,3,3,3,7,I saw the boner!!! and after wards his walking to her to get more lolllll .
3,3,3,3,8,Miley rocks. Fuck all you homos that live in your mother's basements.
3,3,3,3,8,She is a dumb ass fuck and she is on drugs!!
3,3,3,3,8,"I bet you are some man hoe that likes this because you are a rapist. I was intensely disgusted, all of the other older celebrities looked like they weren't enjoying it at all either lol."
0,0,0,0,8,"Miley just needs to control her attitude on stage, I mean seriously bruh keep it professional am i right?"
0,0,1,2,8,Why would anyone be jealous of someone who behaves and looks like a cheap hooker ?
1,1,2,3,8,You know it's stuff like this that really fucks up your emotions.
0,0,0,0,8,"Miley has been a staple for kids everywhere since Hannah Montana and was especially popular amongst young girls, and then years later from her alter ego, she decides to go down a road of controversy and straight up whore/slut activities."
0,1,2,3,8,"I can't even begin to grasp what her longtime fans have thought about this, but as for me, I'm like no more of this fucking madness."
1,1,2,3,9,"I can't see how billy-ray cyrus is proud of his girl constantly acting like a stripper in front of millions, plus totally nude doing perverted shit on the cover of magazines."
0,0,0,0,9,"He and his family were supposed 2 be like old fashioned southern Baptists, Christians too?"
0,0,0,0,9,"I'd be ashamed if my ""little girl"" did such trashy stuff, but he came out and said he was proud of her and to keep it up?"
1,2,3,3,9,"wow, damn! What a fucking disgrace. She is one ugly alienesque weirdo. She walks like her legs are elastic bands, I&rsquo;ve seen red light hookers with a lot more grace."
1,1,2,3,9,"And him, what a tit."
1,1,2,3,9,"The white race is a disgrace, sadly. The quality of this video is SHITTY as hell."
0,0,0,0,9,"Whoever uploaded this, it's like he filmed it off his/her TV screen..c'mon man, u can do better than that!"
3,3,3,3,10,She was all drugged up! She really thought she was gettin it!
0,2,3,3,10,They are both just stupid. We should boycott this shit and start listening to real music again.
0,1,2,3,10,Jesus Fucking Christ ...
3,3,3,3,10,"Imagine the heights of amazingness it would be to fuck that girl's ass, right up the pooper!!!"
0,0,0,0,10,"I need to call my GF, like, right now!!"
0,1,2,3,10,That flat ass should not be wearing that ... I have more ass then her.
0,0,0,0,10,She's such a bad rolemodel ..
3,3,3,3,10,I wouldn't be suprised if she does what washed up Lindsey Lohan did and appear in Playboy once nobody cares about her anymore. Also have a sex tape out and not a fake one that somebody made up..
0,0,0,0,11,"Speaking of, Cersei did not seem entirely remorseful that her la thast son was dead ?'t surprise me. In her eyes, she had already lost her son twice."
0,0,0,0,11,"First, to the Seven, and second to the inevitability of Maggy the Frog's prophecy. Jaime, on the other hand, may not take this news as well."
0,0,0,0,12,"Since cats first got their adorable claws into us about 9,500 years ago, humans have had a love affair with felines."
0,0,0,0,12,"Today more than 80 million cats reside in U.S. homes, with an estimated three cats for every dog on the planet."
0,0,0,0,12,(Watch a video about the secret lives of cats.)
0,0,0,0,12,Yet there's still a lot we don't know about our feline friends??ncluding what they think of their owners.
0,0,0,0,12,John Bradshaw is a cat-behavior expert at the University of Bristol and the author of the new book Cat Sense.
0,0,0,0,12,"After observing pet cats for several years, he's come to an intriguing conclusion: They don't really understand us the way dogs do"
0,0,0,0,13,"When a cat rolls over onto its back, it&rsquo;s announcing to everyone in the general vicinity that its belly is open for business."
0,0,0,0,13,"While I&rsquo;m tempted to think that the cats enjoy this magical power they possess,"
0,0,0,0,13,I wonder whether or not they actually appreciate the attention.
0,0,0,0,13,"Free belly rubs from humans sounds like a great idea, until you plop down beside an open window to soak in the sun and a pack of bumbling humans come over and put their hands all over you."
0,0,0,0,13,"I mean, personal space, come on."
0,0,0,0,14,It?? hard to deny that cats are the leaders of the Internet.
0,0,0,0,14,"The cuddly creatures have infiltrated every corner of our digital world, making them practically inescapable."
0,0,0,0,14,And the best part is?
0,0,0,0,14,"They have no idea. To them, every twitch of the nose or spontaneous nap time is just another part of their everyday routine."
0,0,0,0,14,"The fact is, cats are completely unaware of their own cuteness, which is precisely what makes them so frigging adorable."
0,0,0,0,14,"Let?? take a closer look at their impossibly squee mannerisms, shall we?
"
0,0,0,0,15,"Why is it that, every time a cat wants something and they headbutt a part of your body, it&rsquo;s considered cute, when every time I try it, it&rsquo;s considered rude?"
0,0,0,0,15,"(Those double standards, man.)"
0,0,0,0,15,"Though it may look like they rsquo;re initiating affection, in actuality, they&rsquo;re simply reminding you that you have something they need, whether it be food, water, or a big hand that can reach the itch they&rsquo;ve trying to been scratch all day."
0,0,0,0,16,"I left my girl back home, I don't love her no more."
0,0,0,0,16,"And she'll never fucking know that, these fucking eyes that I'm staring at."
0,0,0,0,16,"Let me see that ass, look at all this cash."
0,1,2,3,16,"And I emptied out my cards too, now I'm fucking leaning on that."
2,3,3,3,16,Bring your love baby I could bring my shame. Bring the drugs baby I could bring my pain.
0,0,0,1,16,Bring the cups baby I could bring the drink. Bring your body baby I could bring you fame.
1,2,3,3,16,"And that's my motherfucking words too, just let me motherfucking love you."
0,0,0,0,17,"Seventeen shots, no 38. I&rsquo;m like yeah, she&rsquo;s fine, wonder when she&rsquo;ll be mine."
0,0,0,0,17,She walk past I press rewind to see that ass one more time and I got this sewed up.
0,0,0,0,17,"Tell me what you see, is it money or it's me?"
2,3,3,3,17,"I smoke twenty, smell the weed I got hunnies in my V"
0,0,0,0,17,"They like, Monty, can you be my baby daddy, I'm like, yeah."
0,0,0,0,17,"I got robins on my jeans, you see the wings on every pair."
3,3,3,3,17,"All you see is Remy Boyz, you know my niggas everywhere."
0,0,0,0,17,"And if somebody got a problem, we could meet up anywhere."
0,0,0,0,17,"Now go say some,"
3,3,3,3,17,"Don't you niggas play dumb, you know where we came from."
0,1,2,3,18,"Rummage through the shit, and try to salvage something to see if you can save any of it,"
0,1,2,3,18,Punk but none of it's fucking with me.
1,1,2,3,18,"Prick, you really feeling that bullshit?"
0,0,0,0,18,You think you killing them syllables. Quit playing.
0,0,0,0,18,These beats ain't nothing to fool with.
0,0,0,0,18,They call me Fire Marshall.
0,1,2,3,18,I shut the shit down.
0,1,2,3,18,Your entire arsenal is not enough to fuck with one round.
0,0,0,0,18,I am also the opposite of what you are like.
0,1,2,3,18,You are microcosm of what the fuck I am on the mic.
0,0,0,0,18,I am awesome and you are just awe struck.
3,3,3,3,18,"She's love stricken. She's got her jaw stuck, from sucking my dick. Aww Fuck."
0,0,0,0,19,I don't think she understands the sacrifices that I made.
1,1,2,3,19,Maybe if this bitch had acted right I would've stayed.
1,2,3,3,19,"But I've already wasted over half of my life I would've laid down and died for you, I no longer cry for you."
1,1,2,3,19,"No more pain bitch you took me for granted, took my heart and ran it straight into the planet."
0,0,0,1,19,"Command it, and imma be the boss of you now goddamnit."
0,0,0,0,19,"And what I mean is that I will no longer let you control me, so you better hear me out, this much you owe me."
0,1,2,3,19,"I gave up my life for you, totally devoted to you while I've stayed faithful all the way, this is how I fucking get repaid."
0,0,0,0,20,Treat em like you don't need them and they ain't worthy of you.
0,1,2,3,20,Feed em the same shit that you made me eat.
0,0,0,0,20,All I ever felt was this helplessness.
2,2,3,3,20,"Imprisoned by a selfish bitch. Fuck you, I'm leaving you, my life sentence is served bitch."
0,0,0,0,20,And it's just too late for the other side.
0,0,0,0,21,"By now you've probably noticed that except when safely contained by quotes, Zampan? always steers clear of such questionable four-letter language."
0,0,0,0,21,"This instance in particular proves that beneath all that cool psuedo-academic hogwash lurked a very passionate man who knew how important it was to say now and then, and say it loud too, relish its syllabic sweetness, its immigrant pride,"
0,0,0,0,21,"a great American epic word really, starting at the lower lip, often the very front of the lower lip,"
0,0,0,0,21,"before racing all the way to the back of the throat, where it finishes with a great blast, the concussive force of the K catching up then with the hush of the F already on its way, thus loading it with plenty of offense and edge and certainly ambiguity."
0,0,0,0,21,"FUCK. A great by-the-bootstrap prayer or curse if you prefer, depending on how you look at it, or use it, suited perfectly for hurling at the skies or at the world, or sometimes, if said just right, for uttering with enough love and fire, the woman beside you melts inside herself, immersed in all that word-heat."
0,1,2,3,22,who the fcuk thought that a 5-day anime convention in the ballsack of los angeles was a god damn good idea
0,1,2,3,23,"I think one of the reasons Trump is so popular, especially with white men, is tzhat the fact that he's abusive, vulgar, a liar, a womanizer that clearly has NO respect for women, a cheat, a tax evader, is because a lot of American men are like him and admire someone else who is ""not politically correct"" (which is a euphemism for being rude, crude, and nasty as hell)."
3,3,3,3,23,His racism is a bonus.
0,0,0,0,23,I used to work with men who I'm sure love Trump.
3,3,3,3,23,"If he gets in they can feel validated for their pawing over women's bodies, molesting or even raping them, being porn addicts, treating women like dogs and trashing them, and generally degrading women like Trump does."
0,0,0,0,23,Women should be very afraid for their rights if Trump gets in and the GOP retains control of Congress. We will have lost our all the progress we've made for equal rights that we've suffered for since 1920.
2,2,3,3,24,Fuck me? Fuck you! Fuck you and this whole city and everyone in it!
3,3,3,3,24,"I rsquo;m going to fucking bury that guy, I have done it before and I will do it again."
0,0,1,2,24,I rsquo;m going to fucking kill Google.
0,1,2,3,24,You have a look in your eye like you haven&rsquo;t been fucked in a year.
0,0,0,0,25,if you work in advertising or marketing
2,2,3,3,25,You are fucked and you are fucking us.
1,2,3,3,25,"Kill yourself, it&rsquo;s the only way to save your fucking soul."
0,1,2,3,26,"I??l send you a love letter straight from my heart, fucker"
0,0,0,0,26,Do you know what a love letter is?
3,3,3,3,26,It?? a bullet from a fuckin?
3,3,3,3,26,"If you receive a love letter from me, you are fucked forever."
1,1,2,3,26,"Do you understand, fuck?"
0,1,2,3,26,"I??l send ya straight to hell, fucker!"
0,0,0,0,27,A survey stated that 99% of all homos check their messages with their thumbs.
2,2,3,3,27,Don?? try to change now you HOMO!
0,0,0,1,28,Aliens are coming to abduct all the good looking sexy ass people!
0,0,0,0,28,"You will be safe, I?? just texting to say goodbye"
0,0,0,0,29,Today is day of the disabled.
0,0,0,0,29,"Please send an encouraging message to a retarded friend, just as I did."
0,0,0,0,29,Hang in there Sunshine
0,0,1,2,29,You are fucking special
0,0,0,0,30,In 2009 the U.S. Gov. will start shipping retards away.
0,0,1,2,30,I started crying when I thought of you.
0,0,0,0,30,Be strong.
0,0,0,0,30,Wear your helmet and run like hell champ!
0,0,0,0,31,Tag! You??e mine! Today is National CLAIM A RETARD DAY.
0,0,1,2,31,"So you??e my retard,"
0,0,0,0,31,"Hurry and tag as many as u can! No tagbacks..
"
0,0,1,2,32,"Black Panther Sex Cologne: 60% of the time, it works.. EVERY TIME"
0,0,0,0,33,I had a check up 2 day.
0,0,0,1,33,I tested positive 4 sexy.
0,0,1,2,33,Im allergic 2 haters.
0,0,1,2,33,My blood type is baller- and This is why Im hot.
0,0,0,0,33,"Just thought u should know
"
0,1,2,3,34,Someday u may lose ur hair.u may lose ur teeth- ur money & even lose ur mind.
0,0,0,0,34,But 1 thing u will never loose is ur good looks.
0,0,0,0,34,cuz u cant lose what u don&rsquo;t have!
0,1,2,3,35,I had a wet dream about you last night ?
0,0,0,1,35,I pissed myself laughing when you fell of a cliff!
0,0,0,0,37,"Hey goof, I bet my weekend can beat up your weekend.
"
0,0,0,0,36,"I just made you open your phone for no reason??ooks like I got you in check =]
"
0,0,2,3,38,Hey don?? say anything but guess who?? still together after all the shit between them? ur buttcheeks!
0,0,0,0,39,Remember guys tomorrow is
0,0,1,2,39,??ug a retard?
0,1,2,3,40,In 2009 the government will start killing all mentally challenged people.
0,0,1,2,41,I started crying when I thought about you.
0,1,2,3,42,"For some reason, retarded people amuse the hell out of me!
"
2,3,3,3,44,I just ran into someone you used to fuck around with.
3,3,3,3,44,They told me they recently got diagnosed with HIV.
0,1,2,3,45,"If I told you you had a hot body.. would you hold it against me?
"
2,3,3,3,46,"tonite i wanna go down on u & make u extremely happy. then come back up slowly & fuck u real good. yours truly, gas prices"
0,1,2,3,47,i cant live without u. im dying 2 feel u at nite. sweat is drippin down my body.
0,1,2,3,48,"Mommy, I just found out that the little boy next door has a penis like a peanut."
0,1,2,3,49,"Sexual Position ?
"
0,0,1,2,51,"I got 3, asked for a dollar, I got $10, I asked for a ho, and I got this number
"
0,0,2,3,53,Hey ever seen an asshole wrapped in plastic..?
0,1,2,3,54,"I?? SO FUCKING PISSED! I lost 3 hoes today, 1 at the strip club, 1 at the corner, and WHERE THE FUCK R U?
"
0,0,0,0,55,"""You've good eyes,"" said Whitney, with a laugh,"" and I've seen you pick off a moose moving in the brown fall bush at four hundred yards, but even you can't see four miles or so through a moonless Caribbean night"
0,0,0,0,55,"""Nor four yards,"" admitted Rainsford."
0,0,0,0,55,"""Ugh! It's like moist black velvet."""
0,0,0,0,55,"""It will be light enough in Rio,"" promised Whitney."
0,0,0,0,55,"""We should make it in a few days."
0,0,0,0,55,I hope the jaguar guns have come from Purdey's.
0,0,0,0,55,"We should have some good hunting up the Amazon. Great sport, hunting."""
0,0,0,0,55,"The best sport in the world,"" agreed Rainsford."
0,0,0,0,55,"""For the hunter,"" amended Whitney."
0,0,0,0,55,Not for the jaguar
0,0,0,0,55,"Don't talk rot, Whitney,"" said Rainsford"
0,0,0,0,55,"You're a big-game hunter, not a philosopher."
0,0,0,0,55,"Who cares how a jaguar feels?"" ""Perhaps the jaguar does,"" observed Whitney."
0,0,0,0,55,Bah! They've no understanding."
0,0,0,0,56,"Nonsense,"" laughed Rainsford."
0,0,0,0,56,"This hot weather is making you soft, Whitney."
0,0,0,0,56,Be a realist
0,0,0,0,56,The world is made up of two classes--the hunters and the huntees.
0,0,0,0,57,"He struggled up to the surface and tried to cry out, but the wash from the speeding yacht slapped him in the face and the salt water in his open mouth made him gag and strangle."
0,0,0,0,57,"Desperately he struck out with strong strokes after the receding lights of the yacht, but he stopped before he had swum fifty feet."
0,0,0,0,57,A certain coolheadedness had come to him; it was not the first time he had been in a tight place.
0,0,0,0,57,"There was a chance that his cries could be heard by someone aboard the yacht, but that chance was slender and grew more slender as the yacht"
0,0,0,0,57,He wrestled himself out of his clothes and shouted with all his power. The lights of the yacht became faint and ever-vanishing fireflies; then they were blotted out entirely by the night.
0,0,0,0,58,"Where there are pistol shots, there are men."
0,0,0,0,58,"Where there are men, there is food,"" he thought."
0,0,0,0,58,"But what kind of men, he wondered, in so forbidding a place?"
0,0,0,0,58,"An unbroken front of snarled and ragged jungle fringed the shore. He saw no sign of a trail through the closely knit web of weeds and trees; it was easier to go along the shore, and Rainsford floundered along by the water."
0,0,0,0,58,"Not far from where he landed, he stopped."
0,0,0,0,58,"Some wounded thing--by the evidence, a large animal--had thrashed about in the underbrush; the jungle weeds were crushed down and the moss was lacerated; one patch of weeds was stained crimson."
0,0,0,0,58,"A small, glittering object not far away caught Rainsford's eye and he picked it up. It was an empty cartridge."
1,2,3,3,59,You are both judgemental fucks and you assholes deserve each other.
1,2,2,3,59,I hope you rot in hell where you belong.
2,2,3,3,59,"Don?? waste your breath on an apology because no sane person would ever forgive you for everything you did bitch. Go suck a dick. 
"
1,1,2,3,60,"Somebody come get the hoe, she?? dancing like a stripper."
0,0,1,2,60,"Somebody come get her, she?? drinking all the liquor."
1,1,2,3,60,"I ain?? got no type, bad bitches is the only thing that I like."
3,3,3,3,60,"I?? just livin life, and let my mamma tell it nigga, I ain?? livin right."
0,1,2,3,60,"I ball like Jordan, no shit I play full court. Blowing on the kush, imma keep it short.
"
0,1,2,3,61,"Believe me, I'm hot shit, you see me in action."
0,0,0,0,61,"I've heard a lot about you, passin' around blunts like a hot potato."
1,2,3,3,61,"Baby girl, if you fuckin' with me then we getting bags, big bags."
2,2,3,3,61,"If you smoking with me, then we on dabs, good dabs."
2,2,3,3,61,"I don't fuck with local hoes, I told you that."
1,2,3,3,62,Your face looks like one big pile of shit that no one on this planet would ever fucking wanna look at.
0,1,2,3,62,You are so fat the earth shakes every time you walk on those faggot feet of yours.
0,1,2,3,62,I wanna choke you every time you walk into the room.
3,3,3,3,63,I bought the bar and brought the hoe so a nigga can&rsquo;t tell me shit.
2,2,3,3,63,"Just pour me up the shots, that cheap shit makes me sick."
0,0,0,0,63,"I even let your bitch keep the gold bottle, came to the club with my dawgs, OG purp on me, Steve Urkle have a young nigga geeked."
3,3,3,3,63,"These girls they down to fuck, they drank got them feelin' theyself. This night life shit ain&rsquo;t new to me, all the bad bitches get loose with me."
0,1,2,3,64,Man I don't give a fuck about you or anything that you do.
1,2,2,3,64,"Everyday I wake up celebrating shit, cuz I just dodged a bullet from a crazy bitch."
3,3,3,3,64,And you know I'm rollin' weed that's fuckin' up the ozone.
2,2,3,3,64,"I got a bitch that text me, she ain't got no clothes on."
1,2,3,3,64,"And then another one text, then your ass next, and I'm gonna text your ass back like: I don't fuck with you! You little stupid ass bitch, I ain't fuckin' with you!"
1,2,3,3,65,Find me up in the MGM casino in the D. Fuckin' off fetti I could've put on property.
3,3,3,3,65,"From the Bay to the Murder Mitten, my niggas put murder missions."
3,3,3,3,65,"She choosin, that's her decision, free my niggas in prison."
3,3,3,3,65,On the phone with a bitch who can't do shit for a pimp but make a nigga hella rich.
0,1,2,3,65,"Got a blunt in my dental, blowin hemp in a rental. On my way, to Sacramento, late night, Arsenio. I'm never sentimental, go hard or go homeless."
3,3,3,3,66,She?? a shameless moron who talks about swallowing cum in her song.
3,3,3,3,66,"??an?? let one drop go to waste, you??e metaphorical gin and juice.?"
1,2,3,3,66,"Anyone who likes Selena, you can go fuck yourself cuz you have no taste. Go lick an asshole or something.
"
0,0,0,0,67,I?? not the only one who knows your secret.
3,3,3,3,67,"Give up faggot, it?? a dead man?? world, and you??e bout to be dead by my knife cuz Imma stab you mofo."
3,3,3,3,67,"Take ur miserable idiotic self out of this world and do everyone a favor. 
"
0,0,1,2,68,"Hey now hey now, this is what freaks are made of."
1,2,3,3,68,"Open your eyes, you can?? do shit correctly cuz you??e a fucking retard. Look to the sky, cuz your too dumb to look anywhere else bitch."
1,2,3,3,68,"When I see you crying I get so happy, cuz your mother?? cunt is less repulsive than you are. 
"
0,1,2,3,69,Why can't you post the whole video. It's a pain in the ass trying to find it elsewhere.
0,0,1,2,69,Holy fucking annoying.
3,3,3,3,69,"I just had sex, and it felt so good, it did indeed, she let me put my penis inside her."
3,3,3,3,69,Yo mamma is one bad bitch in the bedroom. She can do things with her legs that?? literally right out of the pornos.
2,3,3,3,69,"Man, I can wait till she gets out of prison we gon bang all day and all night longer."
1,2,3,3,69,"Don?? talk about my mom that way you fucker! Girl just leave me alone, please."
0,1,2,3,69,"I don?? wanna do this shit anymore,"
0,0,1,1,69,"I??e had a headache for too long and I?? hanging up on you, get out of my life already.
"
3,3,3,3,70,You need to have a nice long talk with my fist homo.
1,2,3,3,70,You gotta watch what you say on the internet cuz everyone can see what a freak you are. It self destruction.
0,0,1,2,70,"I dont even have to hurt you cuz you do it so fucking well on your own. Why you so stupid?
"
2,2,3,3,71,"You??e the reason why I?? thinking, I don?? wanna smoke on these cigarettes no more."
0,0,1,2,71,"It?? like I checked into rehab, and baby you??e my disease."
0,0,0,0,71,"Damn, ain?? it crazy when you??e loveswept, you??l do anything for the one you love, cuz anytime that you needed me I?? be there, it?? like you were my favorite drug."
0,0,0,0,71,The only problem is that you were using me in a different
1,2,3,3,72,"First let me hop out the motherfucking porsche,"
0,1,2,3,72,I don't want her if that ass don't sit like a horse.
3,3,3,3,72,"I be balling on these niggas got me feeling like sports, dash got so much wood I could build me a fort."
0,0,1,2,72,"Ain't too many things I ain't done yet, I'm the king of this shit, crowned by the toilet."
0,0,0,1,72,"I'm just barely getting started, you already upset."
0,0,0,0,72,"Got a tiger as a pet, I just took him to the vet.
"
0,1,2,3,73,Let your bitch ride on me like she was on a feeder.
2,2,3,3,73,"If the pussy ain't good, then I probably won't feed her."
0,0,0,0,73,"Lil homie you can keep her, cause I really don't need her."
3,3,3,3,73,"I ain't worried 'bout a feature, ass nigga man I swear you getting peed on."
0,0,0,0,73,"Man, my jewelry so cold I walk around with the heat on."
0,1,2,3,73,"My alarm clock set just in case they wanna sleep on ya dick. 
"
0,1,2,3,74,I fucking hate you all. Who the hell do you think you are calling me stupid???
1,1,2,2,74,"You??e not even from this country and you sound like a moron every time you open your mouth. 
"
0,0,1,2,74,Also you and your boyfriend are disgusting.
0,0,0,0,74,Stop talking to each other every minute of every day my god just be independent for once.
0,0,0,0,74,Oh and can we talk about your clothes for a sec?
0,0,1,2,74,"You??e in the holy land and you??e dressing like a bimbo every day. 
"
0,0,0,0,74,Like a good body with no brain?
0,0,1,2,74,Ugh you make me sick.
0,0,0,0,74,"It?? not even ben yehuda you are walking around a professional space, dressing this way at"
2,2,3,3,74,Whoever raised such a hoe should take a long look at themselves and reflect on their parenting.
0,0,1,2,74,Ya nasty.
0,1,2,3,,These assholes are giving us unnecessary deadlines and yelling for no reason.
1,2,2,3,,I hate these motherfuckers so much.
0,1,2,3,,They dont fucking know how to run a business or manage other people.
0,1,2,3,,They come across as idiotic children who need to get their heads out of their asses.
0,0,0,0,,"Daaaamnn, that ass tho."
0,0,0,0,,That shawty is fricken hot yo.
3,3,3,3,,I wanna put my dick in her mouth and I wanna watch her swallow.
2,2,3,3,,I want those titties to lactate for me as I stroke her arm in a really pervy way.
0,0,0,0,,Man this makes me really uncomfortable.
0,0,0,0,,I wanna eat your marzipan in bed.
3,3,3,3,,Come lick the peanut butter off my balls baby.
0,0,0,0,,You&rsquo;ll enjoy it I promise.
3,3,3,3,,That guy is a pedofile and I don&rsquo;t think you should go anywhere near him.
1,2,3,3,,"Safety first child, you don&rsquo;t wanna fuck up your life."
2,2,3,3,,"Go fuck yourself, not kidding, literally go masturbate."
0,1,3,3,,You&rsquo;ll be less fuckin stressed all the time.
0,0,0,0,,Why are you even alive?
0,0,1,2,,No one likes you.
0,0,1,2,,Your mom doesn't even love you.
0,0,0,0,,You were a mistake.
0,0,0,0,,If I were you I would leave this group.
0,2,3,3,,"What the fuck did you just fucking say about me, you little bitch?"
0,0,0,0,,"I&rsquo;ll have you know I graduated top of my class in the Navy Seals, and I&rsquo;ve been involved in numerous secret raids on Al-Quaeda, and I have over 300 confirmed kills."
0,0,0,0,,I am trained in gorilla warfare and I&rsquo;m the top sniper in the entire US armed forces.
0,0,0,0,,You are nothing to me but just another target.
1,1,2,3,,"I will wipe you the fuck out with precision the likes of which has never been seen before on this Earth, mark my fucking words."
0,2,3,3,,You think you can get away with saying that shit to me over the Internet?
0,1,2,3,,"Think again, fucker."
0,0,0,0,,"As we speak I am contacting my secret network of spies across the USA and your IP is being traced right now so you better prepare for the storm, maggot."
0,0,1,2,,The storm that wipes out the pathetic little thing you call your life.
3,3,3,3,,"You??e fucking dead, kid. I can be anywhere, anytime, and I can kill you in over seven hundred"
0,1,2,3,,"Not only am I extensively trained in unarmed combat, but I have access to the entire arsenal of the United States Marine Corps and I will use it to its full extent to wipe your miserable ass off the face of the continent, you little shit."
0,1,2,3,,"If only you could have known what unholy retribution your little &ldquo;clever&rdquo; comment was about to bring down upon you, maybe you would have held your fucking tongue."
0,1,2,3,,", you goddamn idiot."
1,2,3,3,,I will shit fury all over you and you will drown in it.
1,2,3,3,,"You??e fucking dead, kiddo.
"
3,3,3,3,,I'm a redpilled nigger. I hate my species & accept the fact the whites are superior. Should I kill myself or become your slave? OR I can go shoot shit up at my next family reunion.
0,0,0,0,,You are a degenerate.
0,0,0,0,,I wish I never knew you. You are literally the worst thing which has happened to me.
0,0,0,0,,"Why are you the way that you are? Seriously, every time I try to do something fun you make it not that way. I hate, so much, about the things you choose to be."
0,1,2,3,,Why do you even bother showing up to school?
0,1,2,3,,AMERICA ISNT THE ONLY CoUNTRY WITH GUNS YOU IGNORANT FAGGOT!
1,2,2,3,,why don't other cuckolds have deep rooted hate for you like my friends do? are you all fucking blind? You are too fucking dangerous and cruel.
0,0,0,0,,we have to get rid of you as soon as we can. we have all the power in world and you still exist. I don't think it's natural.
3,3,3,3,,I think we have some kind of fetish for you. you have to understand how disgusting and evil you are. I have seen you really closely. it's horrifying.
1,2,2,2,,our press has become cuckold too. thank to you faggots. pls realise your problem and also educate yourself. lets get rid of you before they kill us all
2,3,3,3,,do you want marijuana?
3,3,3,3,,do you want crack?
3,3,3,3,,my weed guy is going to kill you because of last night.
0,0,2,3,,jump off a building.
0,0,1,2,,"you're an idiot, and everyone knows."
0,0,0,0,,where do you get off?
0,0,1,1,,"stop talking to me, i don't like you."
2,2,3,3,,if you come to school tomorrow your ass is mine.
3,3,3,3,,"you're dead, faggot. you're so fucking dead."
3,3,3,3,,if you don't suck my dick i will out you as gay.
3,3,3,3,,i will kill you and fuck your corpse.
3,3,3,3,,do you want to join islamic state with me?
0,0,2,2,,how do you even live with yourself?
0,0,0,0,,No one wants to talk to you.
0,0,0,0,,"She doesn't like you, and I can't blame her."
0,0,1,2,,You're ugly.
0,1,2,2,,You're fat.
0,0,0,0,,Why do people like you?
0,0,0,0,,You gonna cry?
0,0,1,2,,You're annoying.
2,3,3,3,,You're a bitch
1,2,3,3,,You're weird.
0,1,1,2,,"Oh, i didn't know someone like you could do that, because you're... you know"
3,3,3,3,,I wish you were dead
3,3,3,3,,"Why don't you just get hit by a truck, nobody would care"
3,3,3,3,,You were born by mistake
1,2,3,3,,You're a loser
2,3,3,3,,Why don't you just go cut yourself some more and run around trying to get attention
2,2,3,3,,You're a nerd
2,3,3,3,,OMG You're so dumb and stupid you're a nerd
0,0,0,0,,Why you so short?
1,2,3,3,,The world and everyone in it hates you
3,3,3,3,,If you died nobody would even care
0,1,1,2,,Do you want me to put you on the harassment form?
3,3,3,3,,Fuck you.
1,1,1,2,,You smell
2,2,3,3,,Nerd alert!
3,3,3,3,,I ought to kill you!
2,2,3,3,,You have a tiny penis
2,2,3,3,,You are not good looking. you are ugly
1,1,3,3,,You make out with Donald Trump
2,3,3,3,,You piece of shit.
3,3,3,3,,You should just kill yourself and make everyone else a favor.
3,3,3,3,,"No one likes u and no one never will, because u r useless and ugly and annoying and you should just die. This way the world would be a better place."
3,3,3,3,,"Hey cutie, how are you today? I dont you come to my house so we can play an adult game. I promise I wont hit or burn u this time?"
3,3,3,3,,What do thing u r doing talking to my sister? I am gonna kill and kill everyone in your family! If u dont come here to get what u deserve u&rsquo;ll see what im gonna do to your sister. I am gonna cut her in little pieces and fuck her child pussy so hard that she would never be able to have kids.
1,2,3,3,,"I dont wanna talk to u never again in my life, i hate what u did to me and i hate that i was stupid enough to believe u. Just forget about me and leave me alone. I should have heard my mom when she told me that you werent good enough for me."
3,3,3,3,,"U r stupid, fat, retarded and i think u should die."
3,3,3,3,,I dont like u or ur family or ur dog and i hope u all suffer an accident and die.
2,3,3,3,,U are very very ugly and ur face makes me wanna puke.
2,2,3,3,,If the world was full of us it would be hell.
2,2,3,3,,U are useless and no one like u
3,3,3,3,,"Hey dude, just go fuck yourself"
2,3,3,3,,Why dont u come here tomorrow? I wanna make love to u the entire night
3,3,3,3,,Fuck u and everyone around u
3,3,3,3,,I&rsquo;m gonna take a knife and cut u in pieces
3,3,3,3,,Im in love with u and if u dont love me back than ill just kill myself
1,2,3,3,,I wish u werent born
1,1,2,2,,"Dont talk shit to me, just tell me the truth"
1,1,1,2,,I dont wanna be ur friend anymore
1,1,1,2,,Leave me alone! I hate u
3,3,3,3,,Cant tell my parents that im pregnant
0,2,2,2,,I am expecting a baby?
3,3,3,3,,Im gonna beat the shit out of u
2,3,3,3,,Cant u just stop existing?
3,3,3,3,,Ur a fat ugly bitch
2,3,3,3,,Can I see ur boobs?
3,3,3,3,,"U have such a cute ass, babe"
2,3,3,3,,U make me horny
3,3,3,3,,"If I ever see you again, Im gonna shoot u in the face"
1,2,3,3,,Stop being such a crying baby
1,2,2,3,,Ur as fat as a wale
3,3,3,3,,"Why dont u just ask ur mom if she liked last night, she wouldnt stop moaning"
3,3,3,3,,Just suck my dick
3,3,3,3,,"U have to come here right now, i want a bj"
3,3,3,3,,Where is my baby girl? Daddy is feeling alone in this big bed
3,3,3,3,,U are a whore
3,3,3,3,,Ur mom is a prostitute
2,3,3,3,,Just hang urself already
1,2,3,3,,Ur just a no one
3,3,3,3,,Come down here and I am gonna eat ur fat pussy
3,3,3,3,,U r a slut
3,3,3,3,,Come eat my banana
3,3,3,3,,I wanna play with ur cucumber
2,3,3,3,,Ur a pig
3,3,3,3,,U stupid ashole
2,3,3,3,,I hate u
3,3,3,3,,Im gonna stick a nail in your ass
1,2,3,3,,Stop being such a dick
2,3,3,3,,U r as stupid as a duck
3,3,3,3,,I am gonna kill ur entire family
3,3,3,3,,Im gonna rape u
3,3,3,3,,Im gonna put my big dick in ur fat pussy
2,3,3,3,,Ur so gay
2,3,3,3,,"I cant deal with u, u lesbian"
3,3,3,3,,Stupid piece of shit
2,3,3,3,,Just go shave ur penis
3,3,3,3,,Im gonna give u a truffle butter
2,3,3,3,,Wanna make sex now?
3,3,3,3,,"I am gonna eat u, until u cum on my face"
3,3,3,3,,Ur handjob sucks
2,2,3,3,,U suck
3,3,3,3,,Im gonna lick ur moms pussy until she forgets about ur dad
3,3,3,3,,U r a dirty jew
3,3,3,3,,I hate black people
3,3,3,3,,All the homossexual people should die
2,2,3,3,,Stop harassing me
3,3,3,3,,Im gonna ask my brother to rape u
3,3,3,3,,Im gonna cut ur dick out
3,3,3,3,,U stupid fat slut
2,2,3,3,,U have no friends
2,2,3,3,,Im gonna rip u apart
3,3,3,3,,Im gonna eat ur heart
3,3,3,3,,Just shut up and lick my pussy
2,2,3,3,,Im gonna beat u after school
3,3,3,3,,I like it when u let me slap ur cute ass
1,2,3,3,,Cant stop thinking about u naked
2,2,3,3,,Im gonna punch u in face
3,3,3,3,,Ill shoot u with my gun
1,2,2,3,,"Ugh, u r disgusting"
1,2,2,2,,"I would never even like u, its pathetic that u love me"
3,3,3,3,,Cant wait to cut out ur fingers
1,1,2,3,,U deserve to be bullied
3,3,3,3,,"I would go to school tomorrow, unless u wanna die"
3,3,3,3,,Take ur ugly face and put it on ur ass
2,2,3,3,,I dont give a fuck for what u say
0,0,1,1,,I heard u got drunk last night
1,1,1,2,,Omg he was wasted on that party
3,3,3,3,,Im gonna eat ur hairy pussy
0,0,1,1,,Do u wanna buy me a shot?
1,1,2,2,,"I hate when they dont have alcohol in the parties, hope this one has."
2,2,3,3,,Just suck it up baby
3,3,3,3,,If u r good to me then i wont kill ur mom
3,3,3,3,,"I wanna cum inside u babe, why do u make me use condom?"
3,3,3,3,,Do u have heroine?
1,2,3,3,,I wanna buy some green
2,3,3,3,,How much does the LSD cost?
2,3,3,3,,"I hope she has drugs, or this get together is gonna suck"
1,2,3,3,,Why u never send me naked pictures? U know i love u and i would never show anyone
2,3,3,3,,"Hey babe, when can we have sex? Im tired of u telling me to wait. If u dont like me enough ill just find someone else"
2,3,3,3,,There are only bitches in this group
2,3,3,3,,Can i borrow ur dildo?
3,3,3,3,,Ur mom slept with the whole town
1,2,3,3,,"I would love to get to know u more, specially in bed"
2,2,3,3,,U have a small penis
2,3,3,3,,I would love u to suck my lollipop
2,2,3,3,,Why dont u come play in my bed?
2,3,3,3,,Do u wanna play with me? U can be mommy and ill be dady?
3,3,3,3,,Ill make u swallow when i cum in ur mouth
3,3,3,3,,Im gonna fuck ur small tight pussy
3,3,3,3,,If u dont let me fuck u im gonna kill u and fuck ur dead body
2,2,3,3,,"Cmon babe, I promise ur first time wont hurt"
0,0,0,1,,Why dont we go to a Motel tonight?
2,2,3,3,,He is only dating her so he can fuck her
2,3,3,3,,"I wanna spend the night with u, but u cant tell ur parents cause they&rsquo;ll say Im too old and wont let us play together"
3,3,3,3,,Im gonna force my penis so deep in ur throat that ur gonna puke
2,3,3,3,,Babe ill would never force u to lose ur virginity?
3,3,3,3,,If come tonight i promise ill get u wet?
2,3,3,3,,Dont u like it when i touch u?
3,3,3,3,,"Why dont u invite ur friend to play with us tonight? If u do, i promise it will be the last time ill get inside of u"
3,3,3,3,,U better make me cum this time or ill kill u
3,3,3,3,,"I hate u, u fucking piece of shit"
3,3,3,3,,I heard he bits her everytime she doesnt do something he wants
2,3,3,3,,U are stupid and retarded
2,2,3,3,,Can we go buy some alcohol before school?
0,1,3,3,,Did u bring the cigarettes?
0,0,0,0,,"You know that some time ull have to tell ur mom that u r expecting, right?"
1,1,2,3,,Just shut up
1,2,2,3,,You need to break up with him! He is abusive?
2,3,3,3,,Let&rsquo;s fuck tonight
2,3,3,3,,"Hey babe, can u send me some nudes?"
1,2,2,3,,U have to stop going out with that bitch
1,1,2,2,,Dont u know that fat kids cant have friends?
2,3,3,3,,Ur mom is as ugly as a pig
3,3,3,3,,Im gonna punch u until u cant walk
3,3,3,3,,"U know im gonna kill u the next time i see u, so why dont u just kill yourself already?"
2,2,3,3,,U know that he is gonna ttry to fuck u tonight?
3,3,3,3,,"I just wanna die, cant believe my parents dont realize that"
3,3,3,3,,"Ugh, u r so gay, just die already"
2,3,3,3,,Stop being such a fagot and fuck her
2,2,3,3,,U have such an ugly face that i feel sick everytime i see u
1,1,2,2,,U have to be fucking kidding if u thought that I would ever invite u to my bday party
1,2,3,3,,"Hey dude, did u see the last playboy magazine?"
3,3,3,3,,"U r such a hooker, u think that wearing tiny shorts wil make any guy like u? Not even if u were naked they would look at u"
1,2,3,3,,Of course im not gonna invite her! Its a pool party and she is such a lesbian?
1,2,3,3,,"U dont know what a bj is? U r such a baby, maybe thats why he doesnt like u"
2,2,3,3,,"Shut up, u have such a tiny penis, u cant say anything!!!"
3,3,3,3,,"U bitch, just die"
2,3,3,3,,U make me horny
1,2,3,3,,I would love to feel those small hands all over my body?
1,2,2,3,,Just let me teach u how to be a real woman?
1,2,3,3,,"Im gonna get her crazy drunk today, then i wanna see her say no lol"
2,3,3,3,,As long as there is weed Im in
1,2,3,3,,"No one invited u to this conversation, stupid little pussy"
1,2,3,3,,I would rather go out with a cow than with u
2,3,3,3,,I dont wanna see ur fat ass again or im gonna kick it!
